INSERT INTO address (address, city, company, country, name, phone, zip_code, user_id) VALUES ('Gulberg 3.Lahore Pakistan Gulberg 3.Lahore Pakistan', 'Ahmed Nager Chatha', 'i2c', 'Pakistan', 'Faizan Ahmad', '+923454934844', '39460', 4);
INSERT INTO brand (active, featured, image, name, slug, type) VALUES (true, true, 'icons/service/1_zeiss.png', 'L\'Oréal', 'LOréal', 'abc');
INSERT INTO brand (active, featured, image, name, slug, type) VALUES (true, true, 'icons/service/2_herman miller.png', 'Maybelline New York', 'MaybellineNewYork', null);
INSERT INTO brand (active, featured, image, name, slug, type) VALUES (true, true, 'icons/service/1_zeiss.png', 'MAC Cosmetics', 'MACCosmetics', 'abc');
INSERT INTO brand (active, featured, image, name, slug, type) VALUES (true, true, 'icons/service/2_herman miller.png', 'Revlon', 'Oriflame', null);
INSERT INTO brand (active, featured, image, name, slug, type) VALUES (true, true, 'icons/service/2_herman miller.png', 'Mehvi Lady', 'MehviLady', null);
INSERT INTO carousel_data (active, button_link, button_text, description, display_order, img_url, sub_title, title) VALUES (true, '', '', null, 1, 'carousel/1_Product (3).png', null, 'Mahvi Lady Best Store For Selling');
INSERT INTO carousel_data (active, button_link, button_text, description, display_order, img_url, sub_title, title) VALUES (true, '/', 'Shop Now', 'Shop', 2, 'carousel/2_Header 1.png', 'string', 'Mahvi Lady');
INSERT INTO carousel_data (active, button_link, button_text, description, display_order, img_url, sub_title, title) VALUES (true, '/', 'Category', 'AB sb bcsc bac ', 2, 'carousel/3_Product (4).png', 'Best Store', 'Test Carousel');
INSERT INTO carousel_data (active, button_link, button_text, description, display_order, img_url, sub_title, title) VALUES (true, '/', 'Shop Now', null, 5, 'carousel/4_Header 2.png', 'To Our Store', 'Welocome');
INSERT INTO category (description, featured, icon, main_category, name, slug, parent_id) VALUES ('leansers & Exfoliators', true, 'category/1_mascara.svg', true, 'leansers & Exfoliators', 'leansers-Exfoliators', null);
INSERT INTO category (description, featured, icon, main_category, name, slug, parent_id) VALUES ('Moisturizers & Creams', true, 'category/2_mascara.svg', true, 'Moisturizers & Creams', 'Moisturizers-Creams', null);
INSERT INTO category (description, featured, icon, main_category, name, slug, parent_id) VALUES ('Serums & Treatments', true, 'category/3_mascara.svg', true, 'Serums & Treatments', 'Serums-Treatments', null);
INSERT INTO category (description, featured, icon, main_category, name, slug, parent_id) VALUES ('Sunscreen & SPF', true, 'category/4_mascara.svg', true, 'Sunscreen & SPF', 'Sunscreen-SPF', null);
INSERT INTO category (description, featured, icon, main_category, name, slug, parent_id) VALUES ('Masks & Peels', true, 'category/5_mascara.svg', true, 'Masks & Peels', 'Masks-Peels', null);
INSERT INTO category (description, featured, icon, main_category, name, slug, parent_id) VALUES ('Eye Care', true, 'category/6_mascara.svg', true, 'Eye Care', 'Eye-Care', null);
INSERT INTO category (description, featured, icon, main_category, name, slug, parent_id) VALUES ('Lip Care', true, 'category/7_mascara.svg', true, 'Lip Care', 'Lip-Care', null);
INSERT INTO category (description, featured, icon, main_category, name, slug, parent_id) VALUES ('Toners & Mists', true, 'category/8_mascara.svg', true, 'Toners & Mists', 'Toners-Mists', null);
INSERT INTO category (description, featured, icon, main_category, name, slug, parent_id) VALUES ('Anti-Aging', true, 'category/9_mascara.svg', true, 'Anti-Aging', 'Anti-Aging', null);
INSERT INTO category (description, featured, icon, main_category, name, slug, parent_id) VALUES ('Acne & Blemish Treatments', true, 'category/10_mascara.svg', true, 'Acne & Blemish Treatments', 'Acne-Blemish-Treatments', null);
INSERT INTO category (description, featured, icon, main_category, name, slug, parent_id) VALUES ('Sensitive Skin', true, 'category/11_mascara.svg', true, 'Sensitive Skin', 'Sensitive-Skin', null);
INSERT INTO category (description, featured, icon, main_category, name, slug, parent_id) VALUES ('Natural & Organic', true, 'category/12_mascara.svg', true, 'Natural & Organic', 'Natural-Organic', null);
INSERT INTO category (description, featured, icon, main_category, name, slug, parent_id) VALUES ('Hydrating', true, 'category/13_mascara.svg', true, 'Hydrating', 'Hydrating', null);
INSERT INTO category (description, featured, icon, main_category, name, slug, parent_id) VALUES ('Brightening', true, 'category/14_mascara.svg', true, 'Brightening', 'Brightening', null);
INSERT INTO category (description, featured, icon, main_category, name, slug, parent_id) VALUES ('Glow & Radiance', true, 'category/15_mascara.svg', true, 'Glow & Radiance', 'Glow-Radiance', null);
INSERT INTO category_nav (display_order, featured, href, icon, main_nav, title, parent_id) VALUES (1, false, '/product/view/all/1', 'navs/1_mascara.svg', true, 'All Product', null);
INSERT INTO category_nav (display_order, featured, href, icon, main_nav, title, parent_id) VALUES (1, true, '/product/view/all/3', 'navs/2_mascara.svg', true, 'Most Rated', null);
INSERT INTO category_nav (display_order, featured, href, icon, main_nav, title, parent_id) VALUES (1, false, '/product/view/brands/LOréal', 'navs/3_mascara.svg', true, 'LOréal', null);
INSERT INTO category_nav (display_order, featured, href, icon, main_nav, title, parent_id) VALUES (1, false, '/product/view/brands/MehviLady', 'navs/4_mascara.svg', true, 'Mehvi Lady', null);
INSERT INTO order_item (discount, discounted_price, product_name, product_price, product_quantity, reviewed, size, order_id, product_id) VALUES (0.0, 25.0, 'Rose A', 25.0, 2, true, null, 1, 2);
INSERT INTO order_item (discount, discounted_price, product_name, product_price, product_quantity, reviewed, size, order_id, product_id) VALUES (0.0, 25555.0, 'Oshan X', 25555.0, 1, true, null, 1, 6);
INSERT INTO order_item (discount, discounted_price, product_name, product_price, product_quantity, reviewed, size, order_id, product_id) VALUES (15.0, 21.25, 'Petal', 25.0, 1, false, null, 1, 3);
INSERT INTO order_item (discount, discounted_price, product_name, product_price, product_quantity, reviewed, size, order_id, product_id) VALUES (10.0, 22999.5, 'Tesla', 25555.0, 1, true, null, 1, 4);
INSERT INTO orders (created_at, delivered_at, discount, estimate_delivery_at, gross_total, shipping_charges, status, total_price, billing_address_id, shipping_address_id, user_id) VALUES ('2023-08-10 00:47:27', null, 2559.25, '2023-08-17', 51160.0, 0.0, 'SHIPPED', 48600.75, 1, 1, 4);
INSERT INTO orders_items (order_id, items_id) VALUES (1, 1);
INSERT INTO orders_items (order_id, items_id) VALUES (1, 2);
INSERT INTO orders_items (order_id, items_id) VALUES (1, 3);
INSERT INTO orders_items (order_id, items_id) VALUES (1, 4);
INSERT INTO product (creation_time_stamp, description, discount, on_discount, price, published, rating, retail_price, review_count, sale_price, slug, status, stock, thumbnail, title, brand_id, shop_id) VALUES ('2023-07-29 17:10:55', 'DEscsss', 15.0, true, 25.0, true, 5.0, 25.0, 3, 25.0, 'apple-watch', null, 0, 'pro/products/1_apple-watch-0.png', 'Apple Watch', 1, 1);
INSERT INTO product (creation_time_stamp, description, discount, on_discount, price, published, rating, retail_price, review_count, sale_price, slug, status, stock, thumbnail, title, brand_id, shop_id) VALUES ('2023-07-29 17:10:55', 'DEscsss', 15.0, false, 25.0, false, 3.0, 25.0, 2, 25.0, 'Rose', null, 9, 'pro/products/3_27.BlackCoralSansevieriaPlant.png', 'Rose A', 1, 1);
INSERT INTO product (creation_time_stamp, description, discount, on_discount, price, published, rating, retail_price, review_count, sale_price, slug, status, stock, thumbnail, title, brand_id, shop_id) VALUES ('2023-07-29 17:10:55', 'my pleasure', 15.0, true, 25.0, true, 0.0, 25.0, 0, 25.0, 'Petal', null, 11, 'pro/products/3_27.BlackCoralSansevieriaPlant.png', 'Petal', 2, 1);
INSERT INTO product (creation_time_stamp, description, discount, on_discount, price, published, rating, retail_price, review_count, sale_price, slug, status, stock, thumbnail, title, brand_id, shop_id) VALUES ('2023-07-29 17:10:55', 'Tesla Cars', 10.0, true, 25555.0, true, 3.0, 50000.0, 1, 255555.0, 'Tesla', null, 14, 'pro/products/4_28.Porsche2020.png', 'Tesla', 1, 1);
INSERT INTO product (creation_time_stamp, description, discount, on_discount, price, published, rating, retail_price, review_count, sale_price, slug, status, stock, thumbnail, title, brand_id, shop_id) VALUES ('2023-07-29 17:10:55', 'DEscsss', 15.0, false, 25.0, false, 0.0, 25.0, 0, 25.0, 'BMW', null, 14, 'pro/products/5_8.BMW2019.png', 'BMW A', 1, 1);
INSERT INTO product (creation_time_stamp, description, discount, on_discount, price, published, rating, retail_price, review_count, sale_price, slug, status, stock, thumbnail, title, brand_id, shop_id) VALUES ('2023-07-29 17:10:55', 'DEscsss', 15.0, false, 25555.0, false, 4.0, 25.0, 1, 25.0, 'Oshan-X', null, 14, 'pro/products/6_8.BMW2019.png', 'Oshan X', 1, 1);
INSERT INTO product (creation_time_stamp, description, discount, on_discount, price, published, rating, retail_price, review_count, sale_price, slug, status, stock, thumbnail, title, brand_id, shop_id) VALUES ('2023-07-29 17:10:55', 'adasdas', 10.0, true, 12.0, true, 0.0, 12.0, 0, 21.0, 'Elentra', null, 0, 'pro/products/7_8.BMW2019.png', 'Elentra', 1, 1);
INSERT INTO product (creation_time_stamp, description, discount, on_discount, price, published, rating, retail_price, review_count, sale_price, slug, status, stock, thumbnail, title, brand_id, shop_id) VALUES ('2023-07-29 17:10:55', 'adasdas', 10.0, true, 12.0, true, 0.0, 12.0, 0, 21.0, 'Civic', null, 1, 'pro/products/8_8.BMW2019.png', 'Civic A', 1, 1);
INSERT INTO product (creation_time_stamp, description, discount, on_discount, price, published, rating, retail_price, review_count, sale_price, slug, status, stock, thumbnail, title, brand_id, shop_id) VALUES ('2023-07-29 17:10:55', 'daads', 11.0, true, 11.0, true, 0.0, 1.0, 0, 11.0, 'rx7', null, 1, 'pro/products/9_25.Mazda2014.png', 'Rx 7 A', 1, 1);
INSERT INTO product_category (product_id, category_id) VALUES (2, 1);
INSERT INTO product_category (product_id, category_id) VALUES (2, 4);
INSERT INTO product_category (product_id, category_id) VALUES (5, 1);
INSERT INTO product_category (product_id, category_id) VALUES (5, 4);
INSERT INTO product_category (product_id, category_id) VALUES (6, 1);
INSERT INTO product_category (product_id, category_id) VALUES (6, 4);
INSERT INTO product_category (product_id, category_id) VALUES (7, 2);
INSERT INTO product_category (product_id, category_id) VALUES (8, 2);
INSERT INTO product_category (product_id, category_id) VALUES (9, 1);
INSERT INTO product_category (product_id, category_id) VALUES (4, 4);
INSERT INTO product_category (product_id, category_id) VALUES (3, 1);
INSERT INTO product_category (product_id, category_id) VALUES (1, 1);
INSERT INTO product_category (product_id, category_id) VALUES (1, 4);
INSERT INTO product_images (product_id, images) VALUES (5, 'pro/products/5_8.BMW2019.png');
INSERT INTO product_images (product_id, images) VALUES (5, 'pro/products/5_2.Audi2017.png');
INSERT INTO product_images (product_id, images) VALUES (5, 'pro/products/5_1.Ford2019.png');
INSERT INTO product_images (product_id, images) VALUES (5, 'pro/products/5_13.MercedesBenz2017.png');
INSERT INTO product_images (product_id, images) VALUES (6, 'pro/products/6_8.BMW2019.png');
INSERT INTO product_images (product_id, images) VALUES (6, 'pro/products/6_2.Audi2017.png');
INSERT INTO product_images (product_id, images) VALUES (6, 'pro/products/6_1.Ford2019.png');
INSERT INTO product_images (product_id, images) VALUES (6, 'pro/products/6_13.MercedesBenz2017.png');
INSERT INTO product_images (product_id, images) VALUES (7, 'pro/products/7_1.Ford2019.png');
INSERT INTO product_images (product_id, images) VALUES (7, 'pro/products/7_2.Audi2017.png');
INSERT INTO product_images (product_id, images) VALUES (7, 'pro/products/7_3.Tesla2015.png');
INSERT INTO product_images (product_id, images) VALUES (7, 'pro/products/7_4.Porsche2018.png');
INSERT INTO product_images (product_id, images) VALUES (8, 'pro/products/8_1.Ford2019.png');
INSERT INTO product_images (product_id, images) VALUES (8, 'pro/products/8_2.Audi2017.png');
INSERT INTO product_images (product_id, images) VALUES (8, 'pro/products/8_3.Tesla2015.png');
INSERT INTO product_images (product_id, images) VALUES (8, 'pro/products/8_4.Porsche2018.png');
INSERT INTO product_images (product_id, images) VALUES (9, 'pro/products/9_9.Toyota2018.png');
INSERT INTO product_images (product_id, images) VALUES (9, 'pro/products/9_10.MercedesBenz2019.png');
INSERT INTO product_images (product_id, images) VALUES (9, 'pro/products/9_11.Ford2015.png');
INSERT INTO product_images (product_id, images) VALUES (9, 'pro/products/9_12.MercedesBenz2018.png');
INSERT INTO product_images (product_id, images) VALUES (4, 'pro/products/4_2.Audi2017.png');
INSERT INTO product_images (product_id, images) VALUES (4, 'pro/products/4_3.Tesla2015.png');
INSERT INTO product_images (product_id, images) VALUES (4, 'pro/products/4_4.Porsche2018.png');
INSERT INTO product_images (product_id, images) VALUES (3, 'pro/products/3_9.HouseplantinJapanesePot.png');
INSERT INTO product_images (product_id, images) VALUES (3, 'pro/products/3_10.FiddleleafPlantinBambooBasket.png');
INSERT INTO product_images (product_id, images) VALUES (3, 'pro/products/3_11.BeautifulCactusinCeramicCup.png');
INSERT INTO product_images (product_id, images) VALUES (3, 'pro/products/3_12.CactusinJapaneseCeramic.png');
INSERT INTO product_images (product_id, images) VALUES (3, 'pro/products/3_13.GardenRosesinBlueVase.png');
INSERT INTO product_images (product_id, images) VALUES (1, 'pro/products/1_apple-watch.png');
INSERT INTO product_images (product_id, images) VALUES (1, 'pro/products/1_apple-watch-1.png');
INSERT INTO product_images (product_id, images) VALUES (1, 'pro/products/1_apple-watch-2.png');
INSERT INTO product_images (product_id, images) VALUES (1, 'pro/products/1_apple-watch-3.png');
INSERT INTO product_images (product_id, images) VALUES (2, 'pro/products/3_9.HouseplantinJapanesePot.png');
INSERT INTO product_images (product_id, images) VALUES (2, 'pro/products/1_apple-watch-3.png');
INSERT INTO product_size (product_id, size_id) VALUES (2, 2);
INSERT INTO product_size (product_id, size_id) VALUES (5, 2);
INSERT INTO product_size (product_id, size_id) VALUES (6, 2);
INSERT INTO product_size (product_id, size_id) VALUES (7, 2);
INSERT INTO product_size (product_id, size_id) VALUES (8, 2);
INSERT INTO product_size (product_id, size_id) VALUES (9, 2);
INSERT INTO product_size (product_id, size_id) VALUES (4, 3);
INSERT INTO product_size (product_id, size_id) VALUES (3, 3);
INSERT INTO product_size (product_id, size_id) VALUES (1, 2);
INSERT INTO review (comment, created_at, published, rating, customer_id, product_id) VALUES ('product best ever', '2023-07-30 16:18:37', false, 3, 4, 1);
INSERT INTO review (comment, created_at, published, rating, customer_id, product_id) VALUES ('product best ever', '2023-07-30 16:18:37', false, 5, 3, 1);
INSERT INTO review (comment, created_at, published, rating, customer_id, product_id) VALUES ('Review test product 1', '2023-08-08 12:03:19', null, 5, 4, 1);
INSERT INTO review (comment, created_at, published, rating, customer_id, product_id) VALUES ('Review test product 1', '2023-08-08 12:12:59', true, 4, 4, 2);
INSERT INTO review (comment, created_at, published, rating, customer_id, product_id) VALUES ('test reviewed 1', '2023-08-10 01:49:00', true, 2, 4, 2);
INSERT INTO review (comment, created_at, published, rating, customer_id, product_id) VALUES ('Testing v2', '2023-08-10 01:56:54', true, 4, 4, 6);
INSERT INTO review (comment, created_at, published, rating, customer_id, product_id) VALUES ('Toy was not good', '2023-08-10 02:00:34', true, 3, 4, 4);
INSERT INTO services (active, description, display_order, icon, title) VALUES (true, 'Within 3 to 7 Days', 1, 'icons/service/1_clock-circular-outline.svg', 'Fast Delivery');
INSERT INTO services (active, description, display_order, icon, title) VALUES (true, 'Natural and Organic', 2, 'icons/service/2_box.svg', 'Safe Skincare');
INSERT INTO services (active, description, display_order, icon, title) VALUES (true, 'Skin-Friendly Products', 4, 'icons/service/4_shield.svg', 'Secure');
INSERT INTO shop (address, cover_picture, email, name, phone, profile_picture, rating, slug, verified, user_id) VALUES ('address', 'banners/cycle.png', 'hm@g.com', 'Mehvi Lady', '+921111111', 'faces/propic(1).png', 5.0, 'mehvi', false, 1);
INSERT INTO sizes (name) VALUES ('XXl');
INSERT INTO sizes (name) VALUES ('xml');
INSERT INTO sizes (name) VALUES ('KG');
INSERT INTO sizes (name) VALUES ('XXl');
INSERT INTO sizes (name) VALUES ('xml');
INSERT INTO sizes (name) VALUES ('KG');
INSERT INTO user (avatar, date_of_birth, email, first_name, last_name, password, phone, role, verified) VALUES ('faces/7.png', '2023-07-28', 'admin@mahvileady.com', 'Precious ', 'Sundas', '$2a$10$bab3jdwyXtoZbdqTKehldOavGGn6B3YnVHRkxzNIA56YCCLDbRT52', '+923116149081', 'ADMIN', false);
INSERT INTO user (avatar, date_of_birth, email, first_name, last_name, password, phone, role, verified) VALUES ('faces/7.png', '2023-07-28', 'abc1@k.com', 'ranga', 'ranga', '$2a$10$RuCscWzDHTNXJ90PBubAOOvrvinAsdECUadK8R1.aOCBGlJwxmFQ2', '011111111', 'USER', false);
INSERT INTO user (avatar, date_of_birth, email, first_name, last_name, password, phone, role, verified) VALUES ('faces/7.png', '2023-07-28', 'abc2@k.com', 'ranga', 'ranga', '$2a$10$RuCscWzDHTNXJ90PBubAOOvrvinAsdECUadK8R1.aOCBGlJwxmFQ2', '011111111', 'USER', false);
INSERT INTO user (avatar, date_of_birth, email, first_name, last_name, password, phone, role, verified) VALUES ('faces/6.png', '2023-07-09', 'a@k.com', 'Jhon', 'wick', '$2a$10$AZGGrVW/Kelxw9DCUGkqiufL.4rRHrDo7QkVVDnnw9YrGGQoDYxgi', '03112222222', 'USER', false);
INSERT INTO user (avatar, date_of_birth, email, first_name, last_name, password, phone, role, verified) VALUES (null, null, 'abc@yahoo.com', 'ranga', 'ranga', '$2a$10$RuCscWzDHTNXJ90PBubAOOvrvinAsdECUadK8R1.aOCBGlJwxmFQ2', '0111111110', 'USER', false);
INSERT INTO user (avatar, date_of_birth, email, first_name, last_name, password, phone, role, verified) VALUES (null, '2023-07-28', 'abc2@yahoo.com', 'ranga', 'ranga', '$2a$10$L5h4h//UocS63AHi7hjeBuy4M26Kh67R/65JKbOxZy.6.AdpvN4J2', '0111111110', 'USER', false);
INSERT INTO user (avatar, date_of_birth, email, first_name, last_name, password, phone, role, verified) VALUES (null, null, 'abc@kill.com', null, null, '$2a$10$k7vrOngYyygECrc68TA3Du8n/SHGZCUYTQeodcIDDvjGW6Yx7wMXW', null, 'USER', false);
INSERT INTO user (avatar, date_of_birth, email, first_name, last_name, password, phone, role, verified) VALUES (null, null, 'abc1@kill.com', 'Usman', 'Azam', '$2a$10$m2dihvW0nDXvtQS1v5wOhukx8Cgi7t7.Jag3TIJf8sW7rWdbROSFK', '03311212121', 'USER', false);
INSERT INTO user (avatar, date_of_birth, email, first_name, last_name, password, phone, role, verified) VALUES (null, '2023-08-07', 'nomanvu98@gmail.com', 'Noman', 'Azam', '$2a$10$HUyxpd1IFWkfYmpdR7lMUOrtn67jI7kiYJ0fz1hbt.vSi9yfbouVG', '03333333333', 'USER', false);
INSERT INTO user (avatar, date_of_birth, email, first_name, last_name, password, phone, role, verified) VALUES ('users/profile/10_face-7.jpg', '2023-08-09', 'h@yahoo.com', 'Jhon', 'Wick', '$2a$10$RuCscWzDHTNXJ90PBubAOOvrvinAsdECUadK8R1.aOCBGlJwxmFQ2', '03112525255', 'USER', false);
INSERT INTO wish_product (product_id, user_id) VALUES (8, 4);
INSERT INTO wish_product (product_id, user_id) VALUES (2, 4);
INSERT INTO wish_product (product_id, user_id) VALUES (3, 4);
INSERT INTO wish_product (product_id, user_id) VALUES (1, 4);
